{
  "Top": "lms",
  "RtlTop": "lms",
  "RtlPrefix": "",
  "SourceLanguage": "cpp",
  "ResetStyle": "control",
  "GenerateBdFiles": "0",
  "HostMachineBits": "64",
  "Target": {
    "Family": "zynq",
    "Device": "xc7z020",
    "Package": "clg400",
    "Speed": "-1"
  },
  "HlsSolution": {
    
  },
  "ClockInfo": {
    "ClockName": "ap_clk",
    "ClockPeriod": "10",
    "IsCombLogic": "0",
    "II": "x",
    "Latency": "975",
    "Uncertainty": "1.25"
  },
  "Xdc": {"OocClocks": ["create_clock -name ap_clk -period 10.000 [get_ports ap_clk]"]},
  "Ipx": {
    "Vendor": "xilinx.com",
    "Library": "hls",
    "Name": "lms",
    "Version": "1.0",
    "DisplayName": "Lms",
    "Revision": "",
    "Description": "An IP generated by Vivado HLS",
    "Taxonomy": "\/VIVADO_HLS_IP",
    "AutoFamilySupport": ""
  },
  "Files": {
    "CSource": ["..\/lms.cpp"],
    "Vhdl": [
      "impl\/vhdl\/lms_faddfsub_32ns_32ns_32_5_full_dsp_1.vhd",
      "impl\/vhdl\/lms_fmul_32ns_32ns_32_4_max_dsp_1.vhd",
      "impl\/vhdl\/lms_lms_sr.vhd",
      "impl\/vhdl\/lms.vhd"
    ],
    "Verilog": [
      "impl\/verilog\/lms_faddfsub_32ns_32ns_32_5_full_dsp_1.v",
      "impl\/verilog\/lms_fmul_32ns_32ns_32_4_max_dsp_1.v",
      "impl\/verilog\/lms_lms_sr.v",
      "impl\/verilog\/lms_lms_sr_ram.dat",
      "impl\/verilog\/lms.v"
    ],
    "Misc": ["impl\/misc\/logo.png"],
    "Subcore": [
      "impl\/misc\/lms_ap_faddfsub_3_full_dsp_32_ip.tcl",
      "impl\/misc\/lms_ap_fmul_2_max_dsp_32_ip.tcl"
    ],
    "DesignXml": "\/home\/zach\/Documents\/courses\/dld2\/git\/project\/software\/hls\/lms_classes\/solution1\/.autopilot\/db\/lms.design.xml"
  },
  "SubcoreInfo": {
    "HasXpmMemory": false,
    "HasClockedDsp": false,
    "IP": [
      {
        "name": "lms_ap_faddfsub_3_full_dsp_32",
        "vlnv": "xilinx.com:ip:floating_point:7.1",
        "params": "CONFIG.a_precision_type Single CONFIG.a_tuser_width 1 CONFIG.add_sub_value Both CONFIG.b_tuser_width 1 CONFIG.c_a_exponent_width 8 CONFIG.c_a_fraction_width 24 CONFIG.c_compare_operation Programmable CONFIG.c_has_divide_by_zero false CONFIG.c_has_invalid_op false CONFIG.c_has_overflow false CONFIG.c_has_underflow false CONFIG.c_latency 3 CONFIG.c_mult_usage Full_Usage CONFIG.c_optimization Speed_Optimized CONFIG.c_rate 1 CONFIG.c_result_exponent_width 8 CONFIG.c_result_fraction_width 24 CONFIG.component_name lms_ap_faddfsub_3_full_dsp_32 CONFIG.flow_control NonBlocking CONFIG.has_a_tlast false CONFIG.has_a_tuser false CONFIG.has_aclken true CONFIG.has_aresetn false CONFIG.has_b_tlast false CONFIG.has_b_tuser false CONFIG.has_operation_tlast false CONFIG.has_operation_tuser false CONFIG.has_result_tready false CONFIG.maximum_latency false CONFIG.operation_tuser_width 1 CONFIG.operation_type Add_Subtract CONFIG.result_precision_type Single CONFIG.result_tlast_behv Null"
      },
      {
        "name": "lms_ap_fmul_2_max_dsp_32",
        "vlnv": "xilinx.com:ip:floating_point:7.1",
        "params": "CONFIG.a_precision_type Single CONFIG.a_tuser_width 1 CONFIG.add_sub_value Both CONFIG.b_tuser_width 1 CONFIG.c_a_exponent_width 8 CONFIG.c_a_fraction_width 24 CONFIG.c_compare_operation Programmable CONFIG.c_has_divide_by_zero false CONFIG.c_has_invalid_op false CONFIG.c_has_overflow false CONFIG.c_has_underflow false CONFIG.c_latency 2 CONFIG.c_mult_usage Max_Usage CONFIG.c_optimization Speed_Optimized CONFIG.c_rate 1 CONFIG.c_result_exponent_width 8 CONFIG.c_result_fraction_width 24 CONFIG.component_name lms_ap_fmul_2_max_dsp_32 CONFIG.flow_control NonBlocking CONFIG.has_a_tlast false CONFIG.has_a_tuser false CONFIG.has_aclken true CONFIG.has_aresetn false CONFIG.has_b_tlast false CONFIG.has_b_tuser false CONFIG.has_operation_tlast false CONFIG.has_operation_tuser false CONFIG.has_result_tready false CONFIG.maximum_latency false CONFIG.operation_tuser_width 1 CONFIG.operation_type Multiply CONFIG.result_precision_type Single CONFIG.result_tlast_behv Null"
      }
    ]
  },
  "Interfaces": {
    "ap_clk": {
      "type": "clock",
      "ctype": {"CLK": {"Type": "bool"}},
      "reset": "ap_rst"
    },
    "ap_ctrl": {
      "type": "ap_ctrl",
      "ctrl_ports": "ap_start ap_done ap_idle ap_ready",
      "ctype": {
        "start": {"Type": "bool"},
        "done": {"Type": "bool"},
        "idle": {"Type": "bool"},
        "ready": {"Type": "bool"}
      }
    },
    "ap_return": {
      "type": "data",
      "dir": "out",
      "width": "32",
      "ctype": {"DATA": {
          "Type": "real float",
          "Width": "32"
        }}
    },
    "ap_rst": {
      "type": "reset",
      "polarity": "ACTIVE_HIGH",
      "ctype": {"RST": {"Type": "bool"}}
    },
    "mu": {
      "type": "data",
      "dir": "in",
      "width": "32",
      "ctype": {"DATA": {
          "Type": "real float",
          "Width": "32"
        }}
    },
    "x": {
      "type": "data",
      "dir": "in",
      "width": "32",
      "ctype": {"DATA": {
          "Type": "real float",
          "Width": "32"
        }}
    },
    "y": {
      "type": "data",
      "dir": "in",
      "width": "32",
      "ctype": {"DATA": {
          "Type": "real float",
          "Width": "32"
        }}
    }
  },
  "RtlPorts": {
    "ap_clk": {
      "dir": "in",
      "width": "1"
    },
    "ap_rst": {
      "dir": "in",
      "width": "1"
    },
    "ap_start": {
      "dir": "in",
      "width": "1"
    },
    "ap_done": {
      "dir": "out",
      "width": "1"
    },
    "ap_idle": {
      "dir": "out",
      "width": "1"
    },
    "ap_ready": {
      "dir": "out",
      "width": "1"
    },
    "ap_return": {
      "dir": "out",
      "width": "32"
    },
    "x": {
      "dir": "in",
      "width": "32"
    },
    "y": {
      "dir": "in",
      "width": "32"
    },
    "mu": {
      "dir": "in",
      "width": "32"
    }
  },
  "CPorts": {
    "ap_ctrl": {
      "interfaceRef": "ap_ctrl",
      "dir": "out"
    },
    "ap_return": {
      "interfaceRef": "ap_return",
      "dir": "out",
      "dataWidth": "32"
    },
    "x": {
      "interfaceRef": "x",
      "dir": "in",
      "dataWidth": "32",
      "handshakeRef": "ap_none"
    },
    "y": {
      "interfaceRef": "y",
      "dir": "in",
      "dataWidth": "32",
      "handshakeRef": "ap_none"
    },
    "mu": {
      "interfaceRef": "mu",
      "dir": "in",
      "dataWidth": "32",
      "handshakeRef": "ap_none"
    }
  },
  "ModuleInfo": {
    "Hierarchy": {"ModuleName": "lms"},
    "Metrics": {"lms": {
        "Latency": {
          "LatencyBest": "975",
          "LatencyAvg": "975",
          "LatencyWorst": "975",
          "PipelineII": "976",
          "PipelineDepth": "",
          "PipelineType": "none"
        },
        "Timing": {
          "Target": "10.00",
          "Uncertainty": "1.25",
          "Estimate": "7.256"
        },
        "Loops": [
          {
            "Name": "Loop 1",
            "TripCount": "50",
            "Latency": "550",
            "PipelineII": "",
            "PipelineDepth": "11"
          },
          {
            "Name": "Loop 2",
            "TripCount": "50",
            "Latency": "400",
            "PipelineII": "",
            "PipelineDepth": "8"
          }
        ],
        "Area": {
          "BRAM_18K": "2",
          "DSP48E": "5",
          "FF": "587",
          "LUT": "1145"
        }
      }}
  },
  "Sdx": {
    "Target": "none",
    "ProfileOption": "0",
    "ProfileType": "none",
    "XO": "",
    "KernelName": "lms",
    "EnableXoSwEmu": "1"
  },
  "GenData": {
    "DataVersion": "0.1",
    "Time": "2020-02-28 16:01:51 EST",
    "ToolName": "vivado_hls",
    "ToolVersion": "2018.3"
  }
}
