<?xml version="1.0" encoding="UTF-8" standalone="no"?>
<?fileVersion 4.0.0?><cproject storage_type_id="org.eclipse.cdt.core.XmlProjectDescriptionStorage">
    	
    <storageModule moduleId="org.eclipse.cdt.core.settings">
        		
        <cconfiguration id="cdt.managedbuild.config.gnu.exe.debug.1703937089">
            			
            <storageModule buildSystemId="org.eclipse.cdt.managedbuilder.core.configurationDataProvider" id="cdt.managedbuild.config.gnu.exe.debug.1703937089" moduleId="org.eclipse.cdt.core.settings" name="Debug">
                				
                <externalSettings/>
                				
                <extensions>
                    					
                    <extension id="org.eclipse.cdt.core.GNU_ELF" point="org.eclipse.cdt.core.BinaryParser"/>
                    					
                    <extension id="org.eclipse.cdt.core.PE" point="org.eclipse.cdt.core.BinaryParser"/>
                    					
                    <extension id="org.eclipse.cdt.core.GASErrorParser" point="org.eclipse.cdt.core.ErrorParser"/>
                    					
                    <extension id="org.eclipse.cdt.core.GmakeErrorParser" point="org.eclipse.cdt.core.ErrorParser"/>
                    					
                    <extension id="org.eclipse.cdt.core.GLDErrorParser" point="org.eclipse.cdt.core.ErrorParser"/>
                    					
                    <extension id="org.eclipse.cdt.core.CWDLocator" point="org.eclipse.cdt.core.ErrorParser"/>
                    					
                    <extension id="org.eclipse.cdt.core.GCCErrorParser" point="org.eclipse.cdt.core.ErrorParser"/>
                    				
                </extensions>
                			
            </storageModule>
            			
            <storageModule moduleId="cdtBuildSystem" version="4.0.0">
                				
                <configuration artifactName="a.exe" buildArtefactType="org.eclipse.cdt.build.core.buildArtefactType.exe" buildProperties="org.eclipse.cdt.build.core.buildArtefactType=org.eclipse.cdt.build.core.buildArtefactType.exe,org.eclipse.cdt.build.core.buildType=org.eclipse.cdt.build.core.buildType.debug" cleanCommand="rm -rf" description="" id="cdt.managedbuild.config.gnu.exe.debug.1703937089" name="Debug" parent="cdt.managedbuild.config.gnu.exe.debug">
                    					
                    <folderInfo id="cdt.managedbuild.config.gnu.exe.debug.1703937089." name="/" resourcePath="">
                        						
                        <toolChain id="cdt.managedbuild.toolchain.gnu.exe.debug.767724589" name="Linux GCC" superClass="cdt.managedbuild.toolchain.gnu.exe.debug">
                            							
                            <targetPlatform binaryParser="org.eclipse.cdt.core.PE;org.eclipse.cdt.core.GNU_ELF" id="cdt.managedbuild.target.gnu.platform.exe.debug.1536941571" name="Debug Platform" superClass="cdt.managedbuild.target.gnu.platform.exe.debug"/>
                            							
                            <builder buildPath="${workspace_loc:/lms_classes}/Debug" id="cdt.managedbuild.target.gnu.builder.exe.debug.1666708471" keepEnvironmentInBuildfile="false" managedBuildOn="true" name="Gnu Make Builder" superClass="cdt.managedbuild.target.gnu.builder.exe.debug"/>
                            							
                            <tool id="cdt.managedbuild.tool.gnu.archiver.base.1310512719" name="GCC Archiver" superClass="cdt.managedbuild.tool.gnu.archiver.base"/>
                            							
                            <tool id="cdt.managedbuild.tool.gnu.cpp.compiler.exe.debug.1934433931" name="GCC C++ Compiler" superClass="cdt.managedbuild.tool.gnu.cpp.compiler.exe.debug">
                                								
                                <option id="gnu.cpp.compiler.exe.debug.option.optimization.level.1836242646" name="Optimization Level" superClass="gnu.cpp.compiler.exe.debug.option.optimization.level" useByScannerDiscovery="false" value="gnu.cpp.compiler.optimization.level.none" valueType="enumerated"/>
                                								
                                <option id="gnu.cpp.compiler.exe.debug.option.debugging.level.909493245" name="Debug Level" superClass="gnu.cpp.compiler.exe.debug.option.debugging.level" useByScannerDiscovery="false" value="gnu.cpp.compiler.debugging.level.max" valueType="enumerated"/>
                                								
                                <option id="gnu.cpp.compiler.option.include.paths.1943752225" name="Include paths (-I)" superClass="gnu.cpp.compiler.option.include.paths" useByScannerDiscovery="false" valueType="includePath">
                                    									
                                    <listOptionValue builtIn="false" value="C:/Xilinx/Vivado/2018.3/include"/>
                                    									
                                    <listOptionValue builtIn="false" value="C:/Xilinx/Vivado/2018.3/win64/tools/auto_cc/include"/>
                                    									
                                    <listOptionValue builtIn="false" value="C:/Xilinx/Vivado/2018.3/include/ap_sysc"/>
                                    									
                                    <listOptionValue builtIn="false" value="C:/Xilinx/Vivado/2018.3/win64/tools/systemc/include"/>
                                    									
                                    <listOptionValue builtIn="false" value="C:/Xilinx/Vivado/2018.3/include/etc"/>
                                    								
                                </option>
                                								
                                <option id="gnu.cpp.compiler.option.preprocessor.def.1226743538" name="Defined symbols (-D)" superClass="gnu.cpp.compiler.option.preprocessor.def" useByScannerDiscovery="false" valueType="definedSymbols">
                                    									
                                    <listOptionValue builtIn="false" value="AESL_TB"/>
                                    									
                                    <listOptionValue builtIn="false" value="__llvm__"/>
                                    									
                                    <listOptionValue builtIn="false" value="__llvm__"/>
                                    								
                                </option>
                                								
                                <inputType id="cdt.managedbuild.tool.gnu.cpp.compiler.input.1227957925" superClass="cdt.managedbuild.tool.gnu.cpp.compiler.input"/>
                                							
                            </tool>
                            							
                            <tool id="cdt.managedbuild.tool.gnu.c.compiler.exe.debug.1183823423" name="GCC C Compiler" superClass="cdt.managedbuild.tool.gnu.c.compiler.exe.debug">
                                								
                                <option defaultValue="gnu.c.optimization.level.none" id="gnu.c.compiler.exe.debug.option.optimization.level.383756325" name="Optimization Level" superClass="gnu.c.compiler.exe.debug.option.optimization.level" useByScannerDiscovery="false" valueType="enumerated"/>
                                								
                                <option id="gnu.c.compiler.exe.debug.option.debugging.level.1711239970" name="Debug Level" superClass="gnu.c.compiler.exe.debug.option.debugging.level" useByScannerDiscovery="false" value="gnu.c.debugging.level.max" valueType="enumerated"/>
                                								
                                <option id="gnu.c.compiler.option.include.paths.1342561856" name="Include paths (-I)" superClass="gnu.c.compiler.option.include.paths" useByScannerDiscovery="false" valueType="includePath">
                                    									
                                    <listOptionValue builtIn="false" value="C:/Xilinx/Vivado/2018.3/include"/>
                                    									
                                    <listOptionValue builtIn="false" value="C:/Xilinx/Vivado/2018.3/win64/tools/auto_cc/include"/>
                                    									
                                    <listOptionValue builtIn="false" value="C:/Xilinx/Vivado/2018.3/include/ap_sysc"/>
                                    									
                                    <listOptionValue builtIn="false" value="C:/Xilinx/Vivado/2018.3/win64/tools/systemc/include"/>
                                    									
                                    <listOptionValue builtIn="false" value="C:/Xilinx/Vivado/2018.3/include/etc"/>
                                    								
                                </option>
                                								
                                <option id="gnu.c.compiler.option.preprocessor.def.symbols.1983459432" name="Defined symbols (-D)" superClass="gnu.c.compiler.option.preprocessor.def.symbols" useByScannerDiscovery="false" valueType="definedSymbols">
                                    									
                                    <listOptionValue builtIn="false" value="AESL_TB"/>
                                    									
                                    <listOptionValue builtIn="false" value="__llvm__"/>
                                    									
                                    <listOptionValue builtIn="false" value="__llvm__"/>
                                    								
                                </option>
                                								
                                <inputType id="cdt.managedbuild.tool.gnu.c.compiler.input.720266239" superClass="cdt.managedbuild.tool.gnu.c.compiler.input"/>
                                							
                            </tool>
                            							
                            <tool id="cdt.managedbuild.tool.gnu.c.linker.exe.debug.1613774297" name="GCC C Linker" superClass="cdt.managedbuild.tool.gnu.c.linker.exe.debug">
                                								
                                <option id="gnu.c.link.option.paths.1998778710" name="Library search path (-L)" superClass="gnu.c.link.option.paths" valueType="libPaths">
                                    									
                                    <listOptionValue builtIn="false" value="C:/Xilinx/Vivado/2018.3/win64/tools/systemc/lib"/>
                                    								
                                </option>
                                								
                                <option id="gnu.c.link.option.libs.274302254" name="Libraries (-l)" superClass="gnu.c.link.option.libs"/>
                                								
                                <option id="gnu.c.link.option.ldflags.816586633" name="Linker flags" superClass="gnu.c.link.option.ldflags"/>
                                							
                            </tool>
                            							
                            <tool id="cdt.managedbuild.tool.gnu.cpp.linker.exe.debug.1069524599" name="GCC C++ Linker" superClass="cdt.managedbuild.tool.gnu.cpp.linker.exe.debug">
                                								
                                <option id="gnu.cpp.link.option.paths.443972746" name="Library search path (-L)" superClass="gnu.cpp.link.option.paths" valueType="libPaths">
                                    									
                                    <listOptionValue builtIn="false" value="C:/Xilinx/Vivado/2018.3/win64/tools/systemc/lib"/>
                                    								
                                </option>
                                								
                                <option id="gnu.cpp.link.option.libs.128380641" name="Libraries (-l)" superClass="gnu.cpp.link.option.libs"/>
                                								
                                <option id="gnu.cpp.link.option.flags.1156051960" name="Linker flags" superClass="gnu.cpp.link.option.flags"/>
                                								
                                <inputType id="cdt.managedbuild.tool.gnu.cpp.linker.input.1997179442" superClass="cdt.managedbuild.tool.gnu.cpp.linker.input">
                                    									
                                    <additionalInput kind="additionalinputdependency" paths="$(USER_OBJS)"/>
                                    									
                                    <additionalInput kind="additionalinput" paths="$(LIBS)"/>
                                    								
                                </inputType>
                                							
                            </tool>
                            							
                            <tool id="cdt.managedbuild.tool.gnu.assembler.exe.debug.18229851" name="GCC Assembler" superClass="cdt.managedbuild.tool.gnu.assembler.exe.debug">
                                								
                                <inputType id="cdt.managedbuild.tool.gnu.assembler.input.1331818531" superClass="cdt.managedbuild.tool.gnu.assembler.input"/>
                                							
                            </tool>
                            						
                        </toolChain>
                        					
                    </folderInfo>
                    					
                    <sourceEntries>
                        						
                        <entry excluding="solution1|*.c*|*.C*" flags="VALUE_WORKSPACE_PATH|RESOLVED" kind="sourcePath" name=""/>
                        					
                    </sourceEntries>
                    				
                </configuration>
                			
            </storageModule>
            			
            <storageModule moduleId="org.eclipse.cdt.core.externalSettings"/>
            		
        </cconfiguration>
        		
        <cconfiguration id="cdt.managedbuild.config.gnu.exe.release.1139862502">
            			
            <storageModule buildSystemId="org.eclipse.cdt.managedbuilder.core.configurationDataProvider" id="cdt.managedbuild.config.gnu.exe.release.1139862502" moduleId="org.eclipse.cdt.core.settings" name="Release">
                				
                <externalSettings/>
                				
                <extensions>
                    					
                    <extension id="org.eclipse.cdt.core.GNU_ELF" point="org.eclipse.cdt.core.BinaryParser"/>
                    					
                    <extension id="org.eclipse.cdt.core.PE" point="org.eclipse.cdt.core.BinaryParser"/>
                    					
                    <extension id="org.eclipse.cdt.core.GASErrorParser" point="org.eclipse.cdt.core.ErrorParser"/>
                    					
                    <extension id="org.eclipse.cdt.core.GmakeErrorParser" point="org.eclipse.cdt.core.ErrorParser"/>
                    					
                    <extension id="org.eclipse.cdt.core.GLDErrorParser" point="org.eclipse.cdt.core.ErrorParser"/>
                    					
                    <extension id="org.eclipse.cdt.core.CWDLocator" point="org.eclipse.cdt.core.ErrorParser"/>
                    					
                    <extension id="org.eclipse.cdt.core.GCCErrorParser" point="org.eclipse.cdt.core.ErrorParser"/>
                    				
                </extensions>
                			
            </storageModule>
            			
            <storageModule moduleId="cdtBuildSystem" version="4.0.0">
                				
                <configuration artifactName="a.exe" buildArtefactType="org.eclipse.cdt.build.core.buildArtefactType.exe" buildProperties="org.eclipse.cdt.build.core.buildArtefactType=org.eclipse.cdt.build.core.buildArtefactType.exe,org.eclipse.cdt.build.core.buildType=org.eclipse.cdt.build.core.buildType.release" cleanCommand="rm -rf" description="" id="cdt.managedbuild.config.gnu.exe.release.1139862502" name="Release" parent="cdt.managedbuild.config.gnu.exe.release">
                    					
                    <folderInfo id="cdt.managedbuild.config.gnu.exe.release.1139862502." name="/" resourcePath="">
                        						
                        <toolChain id="cdt.managedbuild.toolchain.gnu.exe.release.2054106461" name="Linux GCC" superClass="cdt.managedbuild.toolchain.gnu.exe.release">
                            							
                            <targetPlatform binaryParser="org.eclipse.cdt.core.PE;org.eclipse.cdt.core.GNU_ELF" id="cdt.managedbuild.target.gnu.platform.exe.release.1754275170" name="Debug Platform" superClass="cdt.managedbuild.target.gnu.platform.exe.release"/>
                            							
                            <builder buildPath="${workspace_loc:/lms_classes}/Release" id="cdt.managedbuild.target.gnu.builder.exe.release.1937579753" keepEnvironmentInBuildfile="false" managedBuildOn="true" name="Gnu Make Builder" superClass="cdt.managedbuild.target.gnu.builder.exe.release"/>
                            							
                            <tool id="cdt.managedbuild.tool.gnu.archiver.base.911955008" name="GCC Archiver" superClass="cdt.managedbuild.tool.gnu.archiver.base"/>
                            							
                            <tool id="cdt.managedbuild.tool.gnu.cpp.compiler.exe.release.720805476" name="GCC C++ Compiler" superClass="cdt.managedbuild.tool.gnu.cpp.compiler.exe.release">
                                								
                                <option id="gnu.cpp.compiler.exe.release.option.optimization.level.356205947" name="Optimization Level" superClass="gnu.cpp.compiler.exe.release.option.optimization.level" useByScannerDiscovery="false" value="gnu.cpp.compiler.optimization.level.most" valueType="enumerated"/>
                                								
                                <option id="gnu.cpp.compiler.exe.release.option.debugging.level.93149657" name="Debug Level" superClass="gnu.cpp.compiler.exe.release.option.debugging.level" useByScannerDiscovery="false" value="gnu.cpp.compiler.debugging.level.none" valueType="enumerated"/>
                                								
                                <option id="gnu.cpp.compiler.option.include.paths.884559137" name="Include paths (-I)" superClass="gnu.cpp.compiler.option.include.paths" useByScannerDiscovery="false" valueType="includePath">
                                    									
                                    <listOptionValue builtIn="false" value="C:/Xilinx/Vivado/2018.3/include"/>
                                    									
                                    <listOptionValue builtIn="false" value="C:/Xilinx/Vivado/2018.3/win64/tools/auto_cc/include"/>
                                    									
                                    <listOptionValue builtIn="false" value="C:/Xilinx/Vivado/2018.3/include/ap_sysc"/>
                                    									
                                    <listOptionValue builtIn="false" value="C:/Xilinx/Vivado/2018.3/win64/tools/systemc/include"/>
                                    									
                                    <listOptionValue builtIn="false" value="C:/Xilinx/Vivado/2018.3/include/etc"/>
                                    								
                                </option>
                                								
                                <inputType id="cdt.managedbuild.tool.gnu.cpp.compiler.input.1748884131" superClass="cdt.managedbuild.tool.gnu.cpp.compiler.input"/>
                                							
                            </tool>
                            							
                            <tool id="cdt.managedbuild.tool.gnu.c.compiler.exe.release.293001377" name="GCC C Compiler" superClass="cdt.managedbuild.tool.gnu.c.compiler.exe.release">
                                								
                                <option defaultValue="gnu.c.optimization.level.most" id="gnu.c.compiler.exe.release.option.optimization.level.1100351664" name="Optimization Level" superClass="gnu.c.compiler.exe.release.option.optimization.level" useByScannerDiscovery="false" valueType="enumerated"/>
                                								
                                <option id="gnu.c.compiler.exe.release.option.debugging.level.594269247" name="Debug Level" superClass="gnu.c.compiler.exe.release.option.debugging.level" useByScannerDiscovery="false" value="gnu.c.debugging.level.none" valueType="enumerated"/>
                                								
                                <option id="gnu.c.compiler.option.include.paths.596653255" name="Include paths (-I)" superClass="gnu.c.compiler.option.include.paths" useByScannerDiscovery="false" valueType="includePath">
                                    									
                                    <listOptionValue builtIn="false" value="C:/Xilinx/Vivado/2018.3/include"/>
                                    									
                                    <listOptionValue builtIn="false" value="C:/Xilinx/Vivado/2018.3/win64/tools/auto_cc/include"/>
                                    									
                                    <listOptionValue builtIn="false" value="C:/Xilinx/Vivado/2018.3/include/ap_sysc"/>
                                    									
                                    <listOptionValue builtIn="false" value="C:/Xilinx/Vivado/2018.3/win64/tools/systemc/include"/>
                                    									
                                    <listOptionValue builtIn="false" value="C:/Xilinx/Vivado/2018.3/include/etc"/>
                                    								
                                </option>
                                								
                                <inputType id="cdt.managedbuild.tool.gnu.c.compiler.input.720810287" superClass="cdt.managedbuild.tool.gnu.c.compiler.input"/>
                                							
                            </tool>
                            							
                            <tool id="cdt.managedbuild.tool.gnu.c.linker.exe.release.937790038" name="GCC C Linker" superClass="cdt.managedbuild.tool.gnu.c.linker.exe.release">
                                								
                                <option id="gnu.c.link.option.paths.682417410" name="Library search path (-L)" superClass="gnu.c.link.option.paths" valueType="libPaths">
                                    									
                                    <listOptionValue builtIn="false" value="C:/Xilinx/Vivado/2018.3/win64/tools/systemc/lib"/>
                                    								
                                </option>
                                								
                                <option id="gnu.c.link.option.libs.1707527035" name="Libraries (-l)" superClass="gnu.c.link.option.libs"/>
                                								
                                <option id="gnu.c.link.option.ldflags.1581605524" name="Linker flags" superClass="gnu.c.link.option.ldflags"/>
                                							
                            </tool>
                            							
                            <tool id="cdt.managedbuild.tool.gnu.cpp.linker.exe.release.28881375" name="GCC C++ Linker" superClass="cdt.managedbuild.tool.gnu.cpp.linker.exe.release">
                                								
                                <option id="gnu.cpp.link.option.paths.1974285890" name="Library search path (-L)" superClass="gnu.cpp.link.option.paths" valueType="libPaths">
                                    									
                                    <listOptionValue builtIn="false" value="C:/Xilinx/Vivado/2018.3/win64/tools/systemc/lib"/>
                                    								
                                </option>
                                								
                                <option id="gnu.cpp.link.option.libs.2120315033" name="Libraries (-l)" superClass="gnu.cpp.link.option.libs"/>
                                								
                                <option id="gnu.cpp.link.option.flags.621990401" name="Linker flags" superClass="gnu.cpp.link.option.flags"/>
                                								
                                <inputType id="cdt.managedbuild.tool.gnu.cpp.linker.input.1587285510" superClass="cdt.managedbuild.tool.gnu.cpp.linker.input">
                                    									
                                    <additionalInput kind="additionalinputdependency" paths="$(USER_OBJS)"/>
                                    									
                                    <additionalInput kind="additionalinput" paths="$(LIBS)"/>
                                    								
                                </inputType>
                                							
                            </tool>
                            							
                            <tool id="cdt.managedbuild.tool.gnu.assembler.exe.release.346364869" name="GCC Assembler" superClass="cdt.managedbuild.tool.gnu.assembler.exe.release">
                                								
                                <inputType id="cdt.managedbuild.tool.gnu.assembler.input.401935597" superClass="cdt.managedbuild.tool.gnu.assembler.input"/>
                                							
                            </tool>
                            						
                        </toolChain>
                        					
                    </folderInfo>
                    					
                    <sourceEntries>
                        						
                        <entry excluding="solution1|*.c*|*.C*" flags="VALUE_WORKSPACE_PATH|RESOLVED" kind="sourcePath" name=""/>
                        					
                    </sourceEntries>
                    				
                </configuration>
                			
            </storageModule>
            			
            <storageModule moduleId="org.eclipse.cdt.core.externalSettings"/>
            		
        </cconfiguration>
        	
    </storageModule>
    	
    <storageModule moduleId="cdtBuildSystem" version="4.0.0">
        		
        <project id="lms_classes.cdt.managedbuild.target.gnu.exe.628654058" name="Executable" projectType="cdt.managedbuild.target.gnu.exe"/>
        	
    </storageModule>
    	
    <storageModule moduleId="scannerConfiguration">
        		
        <autodiscovery enabled="true" problemReportingEnabled="true" selectedProfileId=""/>
        		
        <scannerConfigBuildInfo instanceId="cdt.managedbuild.config.gnu.exe.release.1139862502;cdt.managedbuild.config.gnu.exe.release.1139862502.;cdt.managedbuild.tool.gnu.c.compiler.exe.release.293001377;cdt.managedbuild.tool.gnu.c.compiler.input.720810287">
            			
            <autodiscovery enabled="true" problemReportingEnabled="true" selectedProfileId=""/>
            		
        </scannerConfigBuildInfo>
        		
        <scannerConfigBuildInfo instanceId="cdt.managedbuild.config.gnu.exe.debug.1703937089;cdt.managedbuild.config.gnu.exe.debug.1703937089.;cdt.managedbuild.tool.gnu.c.compiler.exe.debug.1183823423;cdt.managedbuild.tool.gnu.c.compiler.input.720266239">
            			
            <autodiscovery enabled="true" problemReportingEnabled="true" selectedProfileId=""/>
            		
        </scannerConfigBuildInfo>
        		
        <scannerConfigBuildInfo instanceId="cdt.managedbuild.config.gnu.exe.debug.1703937089;cdt.managedbuild.config.gnu.exe.debug.1703937089.;cdt.managedbuild.tool.gnu.cpp.compiler.exe.debug.1934433931;cdt.managedbuild.tool.gnu.cpp.compiler.input.1227957925">
            			
            <autodiscovery enabled="true" problemReportingEnabled="true" selectedProfileId=""/>
            		
        </scannerConfigBuildInfo>
        		
        <scannerConfigBuildInfo instanceId="cdt.managedbuild.config.gnu.exe.release.1139862502;cdt.managedbuild.config.gnu.exe.release.1139862502.;cdt.managedbuild.tool.gnu.cpp.compiler.exe.release.720805476;cdt.managedbuild.tool.gnu.cpp.compiler.input.1748884131">
            			
            <autodiscovery enabled="true" problemReportingEnabled="true" selectedProfileId=""/>
            		
        </scannerConfigBuildInfo>
        	
    </storageModule>
    	
    <storageModule moduleId="org.eclipse.cdt.core.LanguageSettingsProviders"/>
    
</cproject>
