<?xml version="1.0" encoding="UTF-8"?>
<projectDescription>
	<name>lms_classes</name>
	<comment></comment>
	<projects>
	</projects>
	<buildSpec>
		<buildCommand>
			<name>org.eclipse.cdt.managedbuilder.core.genmakebuilder</name>
			<triggers>clean,full,incremental,</triggers>
			<arguments>
			</arguments>
		</buildCommand>
		<buildCommand>
			<name>org.eclipse.cdt.managedbuilder.core.ScannerConfigBuilder</name>
			<triggers>full,incremental,</triggers>
			<arguments>
			</arguments>
		</buildCommand>
	</buildSpec>
	<natures>
		<nature>com.autoesl.autopilot.ui.AutopilotNature</nature>
		<nature>org.eclipse.cdt.core.cnature</nature>
		<nature>org.eclipse.cdt.core.ccnature</nature>
		<nature>org.eclipse.cdt.managedbuilder.core.managedBuildNature</nature>
		<nature>org.eclipse.cdt.managedbuilder.core.ScannerConfigNature</nature>
	</natures>
	<linkedResources>
		<link>
			<name>source</name>
			<type>2</type>
			<location>C:/Users/neveu.z/Documents/lms_classes/.apc/.src</location>
		</link>
		<link>
			<name>testbench</name>
			<type>2</type>
			<location>C:/Users/neveu.z/Documents/lms_classes/.apc/.tb</location>
		</link>
		<link>
			<name>solution1/constraints</name>
			<type>2</type>
			<location>C:/Users/neveu.z/Documents/lms_classes/solution1/.tcls</location>
		</link>
		<link>
			<name>source/datatypes.h</name>
			<type>1</type>
			<location>C:/Users/neveu.z/Documents/lms_classes/datatypes.h</location>
		</link>
		<link>
			<name>source/lms.cpp</name>
			<type>1</type>
			<location>C:/Users/neveu.z/Documents/lms_classes/lms.cpp</location>
		</link>
		<link>
			<name>source/lms_class.h</name>
			<type>1</type>
			<location>C:/Users/neveu.z/Documents/lms_classes/lms_class.h</location>
		</link>
		<link>
			<name>testbench/lms_test.cpp</name>
			<type>1</type>
			<location>C:/Users/neveu.z/Documents/lms_classes/lms_test.cpp</location>
		</link>
		<link>
			<name>solution1/constraints/.xml.directive</name>
			<type>1</type>
			<location>C:/Users/neveu.z/Documents/lms_classes/solution1/solution1.directive</location>
		</link>
		<link>
			<name>solution1/constraints/directives.tcl</name>
			<type>1</type>
			<location>C:/Users/neveu.z/Documents/lms_classes/solution1/directives.tcl</location>
		</link>
		<link>
			<name>solution1/constraints/script.tcl</name>
			<type>1</type>
			<location>C:/Users/neveu.z/Documents/lms_classes/solution1/script.tcl</location>
		</link>
	</linkedResources>
</projectDescription>
