<annotationInfo>
<item  id="18" filename="lms_classes/lms_class.h" linenumber="18" name="tmp_i" contextFuncName="process" moduleName="lms" rtlName="tmp_i_fu_167_p2" latency="0" BRAM="-1" DSP="-1" FF="0" LUT="11" fileDirectory="/home/zach/Documents/courses/dld2/git/project/software/hls"><\/item>
<item  id="22" filename="lms_classes/lms_class.h" linenumber="20" name="i" contextFuncName="process" moduleName="lms" rtlName="i_fu_173_p2" latency="0" BRAM="-1" DSP="-1" FF="0" LUT="15" fileDirectory="/home/zach/Documents/courses/dld2/git/project/software/hls"><\/item>
<item  id="23" filename="lms_classes/lms_class.h" linenumber="20" name="tmp_2_i" contextFuncName="process" moduleName="lms" rtlName="tmp_2_i_fu_179_p1" latency="0" BRAM="-1" DSP="-1" FF="-1" LUT="-1" fileDirectory="/home/zach/Documents/courses/dld2/git/project/software/hls"><\/item>
<item  id="26" filename="lms_classes/lms_class.h" linenumber="20" name="tmp_3_i" contextFuncName="process" moduleName="lms" rtlName="tmp_3_i_fu_184_p1" latency="0" BRAM="-1" DSP="-1" FF="-1" LUT="-1" fileDirectory="/home/zach/Documents/courses/dld2/git/project/software/hls"><\/item>
<item  id="31" filename="lms_classes/lms_class.h" linenumber="21" name="tmp_4_i" contextFuncName="process" moduleName="lms" rtlName="lms_fmul_32ns_32ns_32_4_max_dsp_1_U2" latency="3" BRAM="-1" DSP="-1" FF="-1" LUT="-1" fileDirectory="/home/zach/Documents/courses/dld2/git/project/software/hls"><\/item>
<item  id="32" filename="lms_classes/lms_class.h" linenumber="21" name="tmp_5_i" contextFuncName="process" moduleName="lms" rtlName="lms_faddfsub_32ns_32ns_32_5_full_dsp_1_U1" latency="4" BRAM="-1" DSP="-1" FF="-1" LUT="-1" fileDirectory="/home/zach/Documents/courses/dld2/git/project/software/hls"><\/item>
<item  id="37" filename="lms_classes/lms_class.h" linenumber="24" name="tmp_6_i" contextFuncName="process" moduleName="lms" rtlName="lms_fmul_32ns_32ns_32_4_max_dsp_1_U2" latency="3" BRAM="-1" DSP="-1" FF="-1" LUT="-1" fileDirectory="/home/zach/Documents/courses/dld2/git/project/software/hls"><\/item>
<item  id="38" filename="lms_classes/lms_class.h" linenumber="24" name="tmp_7_i" contextFuncName="process" moduleName="lms" rtlName="lms_faddfsub_32ns_32ns_32_5_full_dsp_1_U1" latency="4" BRAM="-1" DSP="-1" FF="-1" LUT="-1" fileDirectory="/home/zach/Documents/courses/dld2/git/project/software/hls"><\/item>
<item  id="39" filename="lms_classes/lms_class.h" linenumber="29" name="tmp_8_i" contextFuncName="process" moduleName="lms" rtlName="lms_faddfsub_32ns_32ns_32_5_full_dsp_1_U1" latency="4" BRAM="-1" DSP="-1" FF="-1" LUT="-1" fileDirectory="/home/zach/Documents/courses/dld2/git/project/software/hls"><\/item>
<item  id="40" filename="lms_classes/lms_class.h" linenumber="29" name="tmp_9_i" contextFuncName="process" moduleName="lms" rtlName="lms_fmul_32ns_32ns_32_4_max_dsp_1_U2" latency="3" BRAM="-1" DSP="-1" FF="-1" LUT="-1" fileDirectory="/home/zach/Documents/courses/dld2/git/project/software/hls"><\/item>
<item  id="41" filename="lms_classes/lms_class.h" linenumber="29" name="tmp_i_2" contextFuncName="process" moduleName="lms" rtlName="lms_fmul_32ns_32ns_32_4_max_dsp_1_U2" latency="3" BRAM="-1" DSP="-1" FF="-1" LUT="-1" fileDirectory="/home/zach/Documents/courses/dld2/git/project/software/hls"><\/item>
<item  id="45" filename="lms_classes/lms_class.h" linenumber="27" name="exitcond_i" contextFuncName="process" moduleName="lms" rtlName="exitcond_i_fu_189_p2" latency="0" BRAM="-1" DSP="-1" FF="0" LUT="11" fileDirectory="/home/zach/Documents/courses/dld2/git/project/software/hls"><\/item>
<item  id="47" filename="lms_classes/lms_class.h" linenumber="27" name="i_1" contextFuncName="process" moduleName="lms" rtlName="i_1_fu_195_p2" latency="0" BRAM="-1" DSP="-1" FF="0" LUT="15" fileDirectory="/home/zach/Documents/courses/dld2/git/project/software/hls"><\/item>
<item  id="50" filename="lms_classes/lms_class.h" linenumber="29" name="tmp_1_i" contextFuncName="process" moduleName="lms" rtlName="tmp_1_i_fu_201_p1" latency="0" BRAM="-1" DSP="-1" FF="-1" LUT="-1" fileDirectory="/home/zach/Documents/courses/dld2/git/project/software/hls"><\/item>
<item  id="53" filename="lms_classes/lms_class.h" linenumber="29" name="tmp_10_i" contextFuncName="process" moduleName="lms" rtlName="lms_faddfsub_32ns_32ns_32_5_full_dsp_1_U1" latency="4" BRAM="-1" DSP="-1" FF="-1" LUT="-1" fileDirectory="/home/zach/Documents/courses/dld2/git/project/software/hls"><\/item>
</annotationInfo>
