<profile>

<section name = "Vivado HLS Report for 'lms'" level="0">
<item name = "Date">Fri Feb 28 16:01:50 2020
</item>
<item name = "Version">2018.3 (Build 2405991 on Thu Dec 06 23:56:15 MST 2018)</item>
<item name = "Project">lms_classes</item>
<item name = "Solution">solution1</item>
<item name = "Product family">zynq</item>
<item name = "Target device">xc7z020clg400-1</item>
</section>

<section name = "Performance Estimates" level="0">
<item name = "Timing (ns)">
<section name = "" level="1">
<item name = "Target clock period (ns)">10.00</item>
<item name = "Clock uncertainty (ns)">1.25</item>
<item name = "Estimated clock period (ns)">7.256</item>
</section>
</item>
<item name = "Latency (clock cycles)">
<section name = "" level="1">
<item name = "Summary"><table name="" hasTotal="0">
<keys size="6">, min, max, min, max, Type</keys>
<column name="">975, 975, 975, 975, none</column>
</table>
</item>
<item name = "Detail">
<section name = "" level="1">
<item name = "Instance"><table name="" hasTotal="0">
<keys size="7">Instance, Module, min, max, min, max, Type</keys>
</table>
</item>
<item name = "Loop"><table name="" hasTotal="0">
<keys size="8">Loop Name, min, max, Latency, achieved, target, Count, Pipelined</keys>
<column name="- Loop 1">550, 550, 11, -, -, 50, no</column>
<column name="- Loop 2">400, 400, 8, -, -, 50, no</column>
</table>
</item>
</section>
</item>
</section>
</item>
</section>

<section name = "Utilization Estimates" level="0">
<item name = "Summary"><table name="" hasTotal="1">
<keys size="5">Name, BRAM_18K, DSP48E, FF, LUT</keys>
<column name="DSP">-, -, -, -</column>
<column name="Expression">-, -, 0, 52</column>
<column name="FIFO">-, -, -, -</column>
<column name="Instance">-, 5, 348, 711</column>
<column name="Memory">2, -, 0, 0</column>
<column name="Multiplexer">-, -, -, 382</column>
<column name="Register">-, -, 239, -</column>
<specialColumn name="Available">280, 220, 106400, 53200</specialColumn>
<specialColumn name="Utilization (%)">~0, 2, ~0, 2</specialColumn>
</table>
</item>
<item name = "Detail">
<section name = "" level="1">
<item name = "Instance"><table name="" hasTotal="1">
<keys size="6">Instance, Module, BRAM_18K, DSP48E, FF, LUT</keys>
<column name="lms_faddfsub_32ns_32ns_32_5_full_dsp_1_U1">lms_faddfsub_32ns_32ns_32_5_full_dsp_1, 0, 2, 205, 390</column>
<column name="lms_fmul_32ns_32ns_32_4_max_dsp_1_U2">lms_fmul_32ns_32ns_32_4_max_dsp_1, 0, 3, 143, 321</column>
</table>
</item>
<item name = "DSP48"><table name="" hasTotal="0">
<keys size="3">Instance, Module, Expression</keys>
</table>
</item>
<item name = "Memory"><table name="" hasTotal="1">
<keys size="9">Memory, Module, BRAM_18K, FF, LUT, Words, Bits, Banks, W*Bits*Banks</keys>
<column name="lms_sr_U">lms_lms_sr, 1, 0, 0, 50, 32, 1, 1600</column>
<column name="lms_w_U">lms_lms_sr, 1, 0, 0, 50, 32, 1, 1600</column>
</table>
</item>
<item name = "FIFO"><table name="" hasTotal="1">
<keys size="7">Name, BRAM_18K, FF, LUT, Depth, Bits, Size:D*B</keys>
</table>
</item>
<item name = "Expression"><table name="" hasTotal="1">
<keys size="7">Variable Name, Operation, DSP48E, FF, LUT, Bitwidth P0, Bitwidth P1</keys>
<column name="i_1_fu_195_p2">+, 0, 0, 15, 6, 1</column>
<column name="i_fu_173_p2">+, 0, 0, 15, 6, 2</column>
<column name="exitcond_i_fu_189_p2">icmp, 0, 0, 11, 6, 5</column>
<column name="tmp_i_fu_167_p2">icmp, 0, 0, 11, 6, 1</column>
</table>
</item>
<item name = "Multiplexer"><table name="" hasTotal="1">
<keys size="5">Name, LUT, Input Size, Bits, Total Bits</keys>
<column name="ap_NS_fsm">193, 44, 1, 44</column>
<column name="grp_fu_137_opcode">15, 3, 2, 6</column>
<column name="grp_fu_137_p0">21, 4, 32, 128</column>
<column name="grp_fu_137_p1">15, 3, 32, 96</column>
<column name="grp_fu_142_p0">27, 5, 32, 160</column>
<column name="grp_fu_142_p1">21, 4, 32, 128</column>
<column name="i1_i_reg_126">9, 2, 6, 12</column>
<column name="i_i_reg_115">9, 2, 6, 12</column>
<column name="lms_sr_address0">21, 4, 6, 24</column>
<column name="lms_sr_d0">15, 3, 32, 96</column>
<column name="lms_w_address0">27, 5, 6, 30</column>
<column name="lms_yhat_load_i_reg_103">9, 2, 32, 64</column>
</table>
</item>
<item name = "Register"><table name="" hasTotal="1">
<keys size="5">Name, FF, LUT, Bits, Const Bits</keys>
<column name="ap_CS_fsm">43, 0, 43, 0</column>
<column name="i1_i_reg_126">6, 0, 6, 0</column>
<column name="i_1_reg_253">6, 0, 6, 0</column>
<column name="i_i_reg_115">6, 0, 6, 0</column>
<column name="i_reg_225">6, 0, 6, 0</column>
<column name="lms_sr_load_reg_245">32, 0, 32, 0</column>
<column name="lms_w_addr_1_reg_258">6, 0, 6, 0</column>
<column name="lms_yhat_load_i_reg_103">32, 0, 32, 0</column>
<column name="reg_146">32, 0, 32, 0</column>
<column name="reg_153">32, 0, 32, 0</column>
<column name="reg_159">32, 0, 32, 0</column>
<column name="tmp_3_i_reg_235">6, 0, 64, 58</column>
</table>
</item>
</section>
</item>
</section>

<section name = "Interface" level="0">
<item name = "Summary"><table name="" hasTotal="0">
<keys size="6">RTL Ports, Dir, Bits, Protocol, Source Object, C Type</keys>
<column name="ap_clk">in, 1, ap_ctrl_hs, lms, return value</column>
<column name="ap_rst">in, 1, ap_ctrl_hs, lms, return value</column>
<column name="ap_start">in, 1, ap_ctrl_hs, lms, return value</column>
<column name="ap_done">out, 1, ap_ctrl_hs, lms, return value</column>
<column name="ap_idle">out, 1, ap_ctrl_hs, lms, return value</column>
<column name="ap_ready">out, 1, ap_ctrl_hs, lms, return value</column>
<column name="ap_return">out, 32, ap_ctrl_hs, lms, return value</column>
<column name="x">in, 32, ap_none, x, scalar</column>
<column name="y">in, 32, ap_none, y, scalar</column>
<column name="mu">in, 32, ap_none, mu, scalar</column>
</table>
</item>
</section>

<section name = "Critical Path" level="0">
<item name = "Max Delay">7.26</item>
<item name = "Critical Path Table"><table name="Critical Path Table" hasTotal="0">
<keys size="15">Name, Operator, Delay, Accumulated Delay, Store Source, Resource, Core, Interface, Type, Port, Array, Scope, Pointer, Callee, Phi Node</keys>
<column name="'tmp_5_i', lms_classes/lms_class.h:21->lms_classes/lms.cpp:8">fadd, 7.26, 7.26, -, -, -, -, -, -, -, -, -, -, -</column>
</table>
</item>
</section>
</profile>
